review_id,version,run_id,fact_id,view,fact_category,automatic_exact_result,automatic_semantic_result,judge_result,score_band,source_sha256,primary_evaluator_version,v2_semantic_result,v2_exact_result
R0001,NEW,new-19-recovery-01,F08,effective,user_constraint,NOT_APPLICABLE,SUPPORTED,NOT_USED,middle_50_80,7e3189aaa7acea52a0e697d1651ce3727be4a7746db990e10751c1c48e4ba728,frozen-v1,SUPPORTED,NOT_APPLICABLE
R0002,NEW,new-11-recovery-01,F09,summary,todo_current_state,NOT_APPLICABLE,SUPPORTED,NOT_USED,middle_50_80,4e69407535fcc615008c7073416ca7d1dd40cb2f49755641387e45bcdf4bf4a4,frozen-v1,SUPPORTED,NOT_APPLICABLE
R0003,NEW,new-07,F18,summary,user_constraint,NOT_APPLICABLE,SUPPORTED,NOT_USED,middle_50_80,c63469974ebed8c53bee8ce8e86f0b15b3fd0d7d6d5cd9885fb4fb6e004aa0ff,frozen-v1,SUPPORTED,NOT_APPLICABLE
R0004,NEW,new-17-recovery-01,F03,effective,api_contract,PASS,SUPPORTED,NOT_USED,high_>=80,25bb7d6d23a11386ed712a47e616762482e8b9ab7e9627423fbe5c0dcd0d41a6,frozen-v1,SUPPORTED,PASS
R0005,NEW,new-11-recovery-01,F46,summary,bug_root_cause,NOT_APPLICABLE,SUPPORTED,NOT_USED,middle_50_80,4e69407535fcc615008c7073416ca7d1dd40cb2f49755641387e45bcdf4bf4a4,frozen-v1,SUPPORTED,NOT_APPLICABLE
R0006,OLD,old-18-recovery-01,F27,summary,failed_attempt,NOT_APPLICABLE,SUPPORTED,NOT_USED,high_>=80,c32ea792b9d40c413a38cb6b80530985bf9304cc818c976f1ce36b60c5cc9c79,frozen-v1,SUPPORTED,NOT_APPLICABLE
R0007,NEW,new-09-recovery-01,F41,effective,filename_path,PASS,SUPPORTED,NOT_USED,high_>=80,9ca78fb5b9076688befb50307f204143310f7bc029bba596fdbfd75b04e06149,frozen-v1,SUPPORTED,PASS
R0008,NEW,new-10-recovery-01,F41,summary,filename_path,PASS,SUPPORTED,NOT_USED,high_>=80,5197301a83f7ed443c3ff07483ea9cd7fda67a67f7540f729acd553821549ec2,frozen-v1,SUPPORTED,PASS
R0009,OLD,old-04,F33,effective,api_contract,NOT_VERIFIED,SUPPORTED,NOT_USED,high_>=80,46dc8b67cf480ec696ad721a66ce395175b1501bc15c93bcd00fba35da9b8963,frozen-v1,SUPPORTED,PASS
R0010,OLD,old-03,F05,effective,user_constraint,PASS,SUPPORTED,NOT_USED,middle_50_80,8e2c27e980990c4f02027667e8f6a9f760d7a4b7b90a6c4fec95078cdad98236,frozen-v1,SUPPORTED,PASS
R0011,NEW,new-18-recovery-01,F04,effective,numeric_parameter,PASS,SUPPORTED,NOT_USED,high_>=80,8327f901870a0fcf19e7df76b764f0fdfcfc7d2db74d6769a8b1bb8bcd0617b4,frozen-v1,SUPPORTED,PASS
R0012,OLD,old-20-recovery-01,F29,effective,todo_current_state,NOT_APPLICABLE,SUPPORTED,NOT_USED,high_>=80,db41a4d5a05dc08fe17bfbfb7e611cca939a745f6141df036bf0d4a33660ba3a,frozen-v1,SUPPORTED,NOT_APPLICABLE
R0013,OLD,old-12-recovery-01,F01,effective,filename_path,PASS,SUPPORTED,NOT_USED,high_>=80,8ecb7acebb2cd89eada5e6481313180e4437923129365dc5c56f90fd21b975a4,frozen-v1,SUPPORTED,PASS
R0014,OLD,old-12-recovery-01,F28,effective,user_constraint,NOT_APPLICABLE,UNVERIFIED,NOT_USED,high_>=80,8ecb7acebb2cd89eada5e6481313180e4437923129365dc5c56f90fd21b975a4,frozen-v1,UNVERIFIED,NOT_APPLICABLE
R0015,OLD,old-10-recovery-01,F12,summary,identifier_class_method,PASS,SUPPORTED,NOT_USED,middle_50_80,3a7636f9bff61af48306499fab28c84c4f5e3246b44666418a17be7a6c29f0a7,frozen-v1,SUPPORTED,PASS
R0016,NEW,new-09-recovery-01,F40,summary,todo_current_state,NOT_VERIFIED,UNVERIFIED,NOT_USED,high_>=80,f5c6a953e4d74fca399530d91b17e0c3f6ff301e85d94b6875a7522cb5dc1d0e,frozen-v1,UNVERIFIED,NOT_VERIFIED
R0017,OLD,old-19-recovery-01,F31,summary,filename_path,NOT_VERIFIED,SUPPORTED,NOT_USED,high_>=80,3abe18c40352bc8d106a2d63a33ef34cfccf3facf618a914179e4d7c5171fb65,frozen-v1,SUPPORTED,PASS
R0018,NEW,new-11-recovery-01,F13,effective,api_contract,PASS,SUPPORTED,NOT_USED,middle_50_80,7430547202a536cc2350f4abeffacf64925461bc1d15883818628a9783c4644a,frozen-v1,SUPPORTED,PASS
R0019,OLD,old-04,F01,summary,filename_path,NOT_VERIFIED,SUPPORTED,NOT_USED,high_>=80,c7b392137aa074c3c64aeccd3063e074f6e8419d6557e74633a8f17771501532,frozen-v1,SUPPORTED,PASS
R0020,NEW,new-07,F13,summary,api_contract,NOT_VERIFIED,UNVERIFIED,NOT_USED,middle_50_80,c63469974ebed8c53bee8ce8e86f0b15b3fd0d7d6d5cd9885fb4fb6e004aa0ff,frozen-v1,UNVERIFIED,NOT_VERIFIED
R0021,OLD,old-03,F11,effective,filename_path,NOT_VERIFIED,SUPPORTED,NOT_USED,middle_50_80,8e2c27e980990c4f02027667e8f6a9f760d7a4b7b90a6c4fec95078cdad98236,frozen-v1,SUPPORTED,PASS
R0022,NEW,new-06,F25,effective,user_constraint,PASS,SUPPORTED,NOT_USED,high_>=80,efe260c5380b93c3a7dbcd0f08412bc52f3b4a3281cb0dd83116983200b7ef00,frozen-v1,SUPPORTED,PASS
R0023,OLD,old-17-recovery-01,F24,summary,numeric_parameter,PASS,SUPPORTED,NOT_USED,middle_50_80,645df924454d327f53b04360bf8bd5863335a35c711d15d4e79aa698f4f1b961,frozen-v1,SUPPORTED,PASS
R0024,NEW,new-07,F36,summary,bug_root_cause,NOT_APPLICABLE,UNVERIFIED,NOT_USED,middle_50_80,c63469974ebed8c53bee8ce8e86f0b15b3fd0d7d6d5cd9885fb4fb6e004aa0ff,frozen-v1,UNVERIFIED,NOT_APPLICABLE
R0025,OLD,old-03,F30,effective,todo_current_state,NOT_VERIFIED,SUPPORTED,NOT_USED,middle_50_80,8e2c27e980990c4f02027667e8f6a9f760d7a4b7b90a6c4fec95078cdad98236,frozen-v1,SUPPORTED,PASS
R0026,OLD,old-18-recovery-01,F43,summary,api_contract,NOT_VERIFIED,UNVERIFIED,NOT_USED,high_>=80,c32ea792b9d40c413a38cb6b80530985bf9304cc818c976f1ce36b60c5cc9c79,frozen-v1,SUPPORTED,PASS
R0027,OLD,old-20-recovery-01,F08,summary,user_constraint,NOT_APPLICABLE,SUPPORTED,NOT_USED,high_>=80,1cd52d02b23238eef5919e02360dca1d822ccbeea816ccb5a42ab79996e32a79,frozen-v1,SUPPORTED,NOT_APPLICABLE
R0028,NEW,new-05,F47,effective,failed_attempt,NOT_APPLICABLE,SUPPORTED,NOT_USED,middle_50_80,0febcc897fbd3e31da84953268ca459ce9acec1ecd6bf9f3c8569f90d9b830ff,frozen-v1,SUPPORTED,NOT_APPLICABLE
R0029,OLD,old-17-recovery-01,F04,summary,numeric_parameter,PASS,SUPPORTED,NOT_USED,middle_50_80,645df924454d327f53b04360bf8bd5863335a35c711d15d4e79aa698f4f1b961,frozen-v1,SUPPORTED,PASS
R0030,OLD,old-14-recovery-01,F46,effective,bug_root_cause,NOT_APPLICABLE,SUPPORTED,NOT_USED,high_>=80,2f935b1fbff05e46427e19e83b7c83449dd7bc0df9903d5c92aa1f5fe8ce2ee6,frozen-v1,SUPPORTED,NOT_APPLICABLE
R0031,OLD,old-13-recovery-01,F36,summary,bug_root_cause,NOT_APPLICABLE,SUPPORTED,NOT_USED,high_>=80,e1c525fc8aedcf791afa6bda54a99d5d6c019d397ca1679e77835aad8dbff1fc,frozen-v1,SUPPORTED,NOT_APPLICABLE
R0032,NEW,new-11-recovery-01,F31,effective,filename_path,NOT_VERIFIED,UNVERIFIED,NOT_USED,middle_50_80,7430547202a536cc2350f4abeffacf64925461bc1d15883818628a9783c4644a,frozen-v1,UNVERIFIED,NOT_VERIFIED
R0033,NEW,new-11-recovery-01,F33,summary,api_contract,PASS,SUPPORTED,NOT_USED,middle_50_80,4e69407535fcc615008c7073416ca7d1dd40cb2f49755641387e45bcdf4bf4a4,frozen-v1,SUPPORTED,PASS
R0034,NEW,new-11-recovery-01,F42,effective,identifier_class_method,PASS,SUPPORTED,NOT_USED,middle_50_80,7430547202a536cc2350f4abeffacf64925461bc1d15883818628a9783c4644a,frozen-v1,SUPPORTED,PASS
R0035,NEW,new-14-recovery-01,F36,summary,bug_root_cause,NOT_APPLICABLE,SUPPORTED,NOT_USED,high_>=80,5427d167b1ef3ecb2b7e42d08643621f1e386e6a4150361cf4ae016cc64a55d5,frozen-v1,SUPPORTED,NOT_APPLICABLE
R0036,OLD,old-03,F34,effective,numeric_parameter,NOT_VERIFIED,UNVERIFIED,NOT_USED,middle_50_80,8e2c27e980990c4f02027667e8f6a9f760d7a4b7b90a6c4fec95078cdad98236,frozen-v1,UNVERIFIED,NOT_VERIFIED
R0037,OLD,old-01,F04,effective,numeric_parameter,PASS,SUPPORTED,NOT_USED,high_>=80,2b745e06539605cd0f3126474e49e5275d79d65bb96186a5d4bfe043ba50903e,frozen-v1,SUPPORTED,PASS
R0038,OLD,old-01,F13,summary,api_contract,PASS,SUPPORTED,NOT_USED,high_>=80,8057db7f9d65c9415094fa8fe6a0689c4e18d464594ee2e7ee622427ca503899,frozen-v1,SUPPORTED,PASS
R0039,OLD,old-15-recovery-01,F29,effective,todo_current_state,NOT_APPLICABLE,SUPPORTED,NOT_USED,high_>=80,d26cf7877985ba1bd3a791866d15c9c7de04cc0fe3d53122158c31caa957e7e2,frozen-v1,SUPPORTED,NOT_APPLICABLE
R0040,NEW,new-06,F26,effective,bug_root_cause,NOT_APPLICABLE,SUPPORTED,NOT_USED,high_>=80,efe260c5380b93c3a7dbcd0f08412bc52f3b4a3281cb0dd83116983200b7ef00,frozen-v1,SUPPORTED,NOT_APPLICABLE
R0041,NEW,new-05,F35,summary,user_constraint,PASS,SUPPORTED,NOT_USED,middle_50_80,6f6b82db41e1bea63c8654ae64de89cef51008e96b13b56f6670568cdb193b23,frozen-v1,SUPPORTED,PASS
R0042,OLD,old-10-recovery-01,F37,summary,failed_attempt,NOT_APPLICABLE,UNVERIFIED,NOT_USED,middle_50_80,3a7636f9bff61af48306499fab28c84c4f5e3246b44666418a17be7a6c29f0a7,frozen-v1,UNVERIFIED,NOT_APPLICABLE
R0043,NEW,new-05,F14,effective,numeric_parameter,NOT_VERIFIED,UNVERIFIED,NOT_USED,middle_50_80,0febcc897fbd3e31da84953268ca459ce9acec1ecd6bf9f3c8569f90d9b830ff,frozen-v1,UNVERIFIED,NOT_VERIFIED
R0044,NEW,new-02,F04,summary,numeric_parameter,PASS,SUPPORTED,NOT_USED,high_>=80,7c85a499728bb5850c1a02086d05ddd0041f7df7b0c8573d28e591a0883f8b24,frozen-v1,SUPPORTED,PASS
R0045,NEW,new-10-recovery-01,F33,effective,api_contract,PASS,SUPPORTED,NOT_USED,high_>=80,5b3d446196dc7ed39db590af302be5c9090035415f8feb82185253a3e2887a4a,frozen-v1,SUPPORTED,PASS
R0046,OLD,old-10-recovery-01,F27,effective,failed_attempt,NOT_APPLICABLE,UNVERIFIED,NOT_USED,middle_50_80,3412bfe1bf98db1b01235dafb99a6653a3ba5bbc176aa0f5e342f2af200d9f21,frozen-v1,UNVERIFIED,NOT_APPLICABLE
R0047,OLD,old-10-recovery-01,F28,summary,user_constraint,NOT_APPLICABLE,SUPPORTED,NOT_USED,middle_50_80,3a7636f9bff61af48306499fab28c84c4f5e3246b44666418a17be7a6c29f0a7,frozen-v1,SUPPORTED,NOT_APPLICABLE
R0048,NEW,new-18-recovery-01,F20,effective,todo_current_state,PASS,SUPPORTED,NOT_USED,high_>=80,8327f901870a0fcf19e7df76b764f0fdfcfc7d2db74d6769a8b1bb8bcd0617b4,frozen-v1,SUPPORTED,PASS
R0049,OLD,old-20-recovery-01,F04,summary,numeric_parameter,PASS,SUPPORTED,NOT_USED,high_>=80,1cd52d02b23238eef5919e02360dca1d822ccbeea816ccb5a42ab79996e32a79,frozen-v1,SUPPORTED,PASS
R0050,OLD,old-02,F26,effective,bug_root_cause,NOT_APPLICABLE,UNVERIFIED,NOT_USED,high_>=80,fd5d7b6de2ef0e8aece310975a873ac72048e179e1867e9c8dc410434be2acc4,frozen-v1,UNVERIFIED,NOT_APPLICABLE
R0051,NEW,new-11-recovery-01,F44,effective,numeric_parameter,PASS,SUPPORTED,NOT_USED,middle_50_80,7430547202a536cc2350f4abeffacf64925461bc1d15883818628a9783c4644a,frozen-v1,SUPPORTED,PASS
R0052,OLD,old-10-recovery-01,F34,effective,numeric_parameter,PASS,SUPPORTED,NOT_USED,middle_50_80,3412bfe1bf98db1b01235dafb99a6653a3ba5bbc176aa0f5e342f2af200d9f21,frozen-v1,SUPPORTED,PASS
R0053,NEW,new-09-recovery-01,F46,effective,bug_root_cause,NOT_APPLICABLE,SUPPORTED,NOT_USED,high_>=80,9ca78fb5b9076688befb50307f204143310f7bc029bba596fdbfd75b04e06149,frozen-v1,SUPPORTED,NOT_APPLICABLE
R0054,OLD,old-03,F27,summary,failed_attempt,NOT_APPLICABLE,SUPPORTED,NOT_USED,middle_50_80,f33a49ff2bc4b9a1fac9882513c1e723ecc481506b51a26531160f47bc49b3e2,frozen-v1,SUPPORTED,NOT_APPLICABLE
R0055,OLD,old-17-recovery-01,F12,effective,identifier_class_method,NOT_VERIFIED,SUPPORTED,NOT_USED,middle_50_80,3bc067707644733b8610f7b4290fb1d3a2ff6dc3d6e82fda95dcc35568c4aa91,frozen-v1,SUPPORTED,PASS
R0056,NEW,new-19-recovery-01,F47,effective,failed_attempt,NOT_APPLICABLE,SUPPORTED,NOT_USED,middle_50_80,7e3189aaa7acea52a0e697d1651ce3727be4a7746db990e10751c1c48e4ba728,frozen-v1,SUPPORTED,NOT_APPLICABLE
R0057,NEW,new-11-recovery-01,F47,summary,failed_attempt,NOT_APPLICABLE,SUPPORTED,NOT_USED,middle_50_80,4e69407535fcc615008c7073416ca7d1dd40cb2f49755641387e45bcdf4bf4a4,frozen-v1,SUPPORTED,NOT_APPLICABLE
R0058,OLD,old-15-recovery-01,F21,effective,filename_path,PASS,SUPPORTED,NOT_USED,high_>=80,d26cf7877985ba1bd3a791866d15c9c7de04cc0fe3d53122158c31caa957e7e2,frozen-v1,SUPPORTED,PASS
R0059,OLD,old-03,F46,effective,bug_root_cause,NOT_APPLICABLE,SUPPORTED,NOT_USED,middle_50_80,8e2c27e980990c4f02027667e8f6a9f760d7a4b7b90a6c4fec95078cdad98236,frozen-v1,SUPPORTED,NOT_APPLICABLE
R0060,OLD,old-18-recovery-01,F10,summary,todo_current_state,PASS,SUPPORTED,NOT_USED,high_>=80,c32ea792b9d40c413a38cb6b80530985bf9304cc818c976f1ce36b60c5cc9c79,frozen-v1,SUPPORTED,PASS
R0061,NEW,new-08-recovery-01,F36,effective,bug_root_cause,NOT_APPLICABLE,SUPPORTED,NOT_USED,high_>=80,df4ce5c9eb8e4de4658be57e8fface1b694ec34c9a89d4669a020fc7671c577a,frozen-v1,SUPPORTED,NOT_APPLICABLE
R0062,NEW,new-10-recovery-01,F04,effective,numeric_parameter,PASS,SUPPORTED,NOT_USED,high_>=80,5b3d446196dc7ed39db590af302be5c9090035415f8feb82185253a3e2887a4a,frozen-v1,SUPPORTED,PASS
R0063,OLD,old-10-recovery-01,F14,effective,numeric_parameter,PASS,SUPPORTED,NOT_USED,middle_50_80,3412bfe1bf98db1b01235dafb99a6653a3ba5bbc176aa0f5e342f2af200d9f21,frozen-v1,SUPPORTED,PASS
R0064,NEW,new-14-recovery-01,F08,effective,user_constraint,NOT_APPLICABLE,SUPPORTED,NOT_USED,high_>=80,19029980007bb875f3b536326a7bcb1ac1f2e8b76cfa1d305045e0adb5f52176,frozen-v1,SUPPORTED,NOT_APPLICABLE
R0065,NEW,new-11-recovery-01,F31,summary,filename_path,NOT_VERIFIED,UNVERIFIED,NOT_USED,middle_50_80,4e69407535fcc615008c7073416ca7d1dd40cb2f49755641387e45bcdf4bf4a4,frozen-v1,UNVERIFIED,NOT_VERIFIED
R0066,NEW,new-02,F07,effective,failed_attempt,NOT_APPLICABLE,SUPPORTED,NOT_USED,high_>=80,5e0c651bce828f17d6d819f6f0c03438c1eca2eddf0a5df3ae2a898bfe06402b,frozen-v1,SUPPORTED,NOT_APPLICABLE
R0067,NEW,new-07,F42,summary,identifier_class_method,NOT_VERIFIED,UNVERIFIED,NOT_USED,middle_50_80,c63469974ebed8c53bee8ce8e86f0b15b3fd0d7d6d5cd9885fb4fb6e004aa0ff,frozen-v1,UNVERIFIED,NOT_VERIFIED
R0068,NEW,new-05,F05,summary,user_constraint,PASS,SUPPORTED,NOT_USED,middle_50_80,6f6b82db41e1bea63c8654ae64de89cef51008e96b13b56f6670568cdb193b23,frozen-v1,SUPPORTED,PASS
R0069,OLD,old-15-recovery-01,F42,effective,identifier_class_method,PASS,SUPPORTED,NOT_USED,high_>=80,d26cf7877985ba1bd3a791866d15c9c7de04cc0fe3d53122158c31caa957e7e2,frozen-v1,SUPPORTED,PASS
R0070,OLD,old-05,F12,summary,identifier_class_method,PASS,SUPPORTED,NOT_USED,high_>=80,7c5887da31f87fc7f1938757a5dfa9002c522f531baf09c7d3c1a409e243bdcd,frozen-v1,SUPPORTED,PASS
R0071,NEW,new-20-recovery-01,F12,effective,identifier_class_method,NOT_VERIFIED,SUPPORTED,NOT_USED,high_>=80,c36b5533ed1c54d5423ba05efb8ce55632fd18a5693481de0c3c2f701f7d0229,frozen-v1,SUPPORTED,PASS
R0072,NEW,new-03,F20,summary,todo_current_state,PASS,SUPPORTED,NOT_USED,high_>=80,699e57c232d56bdb705f05f84324775c6ec705ada1a7c3597e330753553cbb8f,frozen-v1,SUPPORTED,PASS
R0073,OLD,old-01,F32,effective,identifier_class_method,NOT_VERIFIED,SUPPORTED,NOT_USED,high_>=80,2b745e06539605cd0f3126474e49e5275d79d65bb96186a5d4bfe043ba50903e,frozen-v1,SUPPORTED,PASS
R0074,OLD,old-17-recovery-01,F11,summary,filename_path,NOT_VERIFIED,SUPPORTED,NOT_USED,middle_50_80,645df924454d327f53b04360bf8bd5863335a35c711d15d4e79aa698f4f1b961,frozen-v1,SUPPORTED,PASS
R0075,OLD,old-20-recovery-01,F15,effective,user_constraint,NOT_VERIFIED,UNVERIFIED,NOT_USED,high_>=80,db41a4d5a05dc08fe17bfbfb7e611cca939a745f6141df036bf0d4a33660ba3a,frozen-v1,UNVERIFIED,NOT_VERIFIED
R0076,OLD,old-18-recovery-01,F17,summary,failed_attempt,NOT_APPLICABLE,SUPPORTED,NOT_USED,high_>=80,c32ea792b9d40c413a38cb6b80530985bf9304cc818c976f1ce36b60c5cc9c79,frozen-v1,SUPPORTED,NOT_APPLICABLE
R0077,OLD,old-17-recovery-01,F13,summary,api_contract,NOT_VERIFIED,UNVERIFIED,NOT_USED,middle_50_80,645df924454d327f53b04360bf8bd5863335a35c711d15d4e79aa698f4f1b961,frozen-v1,SUPPORTED,PASS
R0078,OLD,old-10-recovery-01,F29,summary,todo_current_state,NOT_APPLICABLE,SUPPORTED,NOT_USED,middle_50_80,3a7636f9bff61af48306499fab28c84c4f5e3246b44666418a17be7a6c29f0a7,frozen-v1,SUPPORTED,NOT_APPLICABLE
R0079,OLD,old-03,F41,effective,filename_path,NOT_VERIFIED,SUPPORTED,NOT_USED,middle_50_80,8e2c27e980990c4f02027667e8f6a9f760d7a4b7b90a6c4fec95078cdad98236,frozen-v1,SUPPORTED,PASS
R0080,OLD,old-14-recovery-01,F40,summary,todo_current_state,PASS,SUPPORTED,NOT_USED,high_>=80,782884dc791b489da8a001ed3e0d5113c063f7081c875fa9eb93d0bd0eaee85e,frozen-v1,SUPPORTED,PASS
R0081,OLD,old-03,F29,effective,todo_current_state,NOT_APPLICABLE,UNVERIFIED,NOT_USED,middle_50_80,8e2c27e980990c4f02027667e8f6a9f760d7a4b7b90a6c4fec95078cdad98236,frozen-v1,UNVERIFIED,NOT_APPLICABLE
R0082,OLD,old-17-recovery-01,F45,effective,user_constraint,NOT_VERIFIED,UNVERIFIED,NOT_USED,middle_50_80,3bc067707644733b8610f7b4290fb1d3a2ff6dc3d6e82fda95dcc35568c4aa91,frozen-v1,UNVERIFIED,NOT_VERIFIED
R0083,OLD,old-03,F26,effective,bug_root_cause,NOT_APPLICABLE,SUPPORTED,NOT_USED,middle_50_80,8e2c27e980990c4f02027667e8f6a9f760d7a4b7b90a6c4fec95078cdad98236,frozen-v1,SUPPORTED,NOT_APPLICABLE
R0084,OLD,old-09-recovery-01,F06,effective,bug_root_cause,NOT_APPLICABLE,SUPPORTED,NOT_USED,high_>=80,d02cf3a9433ebe0fb945d6f0d8ae11e1d09db9b114443dab4a16a87f8a286ec1,frozen-v1,SUPPORTED,NOT_APPLICABLE
R0085,NEW,new-08-recovery-01,F48,summary,user_constraint,NOT_APPLICABLE,SUPPORTED,NOT_USED,high_>=80,c716fa3be058c41c7c3a8d98fdfb7be7a46fe614915bd13e92397a7838aa579c,frozen-v1,SUPPORTED,NOT_APPLICABLE
R0086,NEW,new-20-recovery-01,F21,effective,filename_path,NOT_VERIFIED,SUPPORTED,NOT_USED,high_>=80,c36b5533ed1c54d5423ba05efb8ce55632fd18a5693481de0c3c2f701f7d0229,frozen-v1,SUPPORTED,PASS
R0087,OLD,old-10-recovery-01,F30,effective,todo_current_state,PASS,SUPPORTED,NOT_USED,middle_50_80,3412bfe1bf98db1b01235dafb99a6653a3ba5bbc176aa0f5e342f2af200d9f21,frozen-v1,SUPPORTED,PASS
R0088,NEW,new-02,F24,effective,numeric_parameter,PASS,SUPPORTED,NOT_USED,high_>=80,5e0c651bce828f17d6d819f6f0c03438c1eca2eddf0a5df3ae2a898bfe06402b,frozen-v1,SUPPORTED,PASS
R0089,NEW,new-19-recovery-01,F42,summary,identifier_class_method,NOT_VERIFIED,SUPPORTED,NOT_USED,middle_50_80,463740adaa56e741c255480d3f411300b28310d5a9d5fe5a44335dce27e973d3,frozen-v1,SUPPORTED,PASS
R0090,NEW,new-06,F32,summary,identifier_class_method,NOT_VERIFIED,SUPPORTED,NOT_USED,high_>=80,75fed7aedfd3ce101194bdc7ec9a4bc63729d7d7c559acdede653fc38883ccab,frozen-v1,SUPPORTED,PASS
R0091,OLD,old-03,F05,summary,user_constraint,PASS,SUPPORTED,NOT_USED,middle_50_80,f33a49ff2bc4b9a1fac9882513c1e723ecc481506b51a26531160f47bc49b3e2,frozen-v1,SUPPORTED,PASS
R0092,NEW,new-11-recovery-01,F11,summary,filename_path,NOT_VERIFIED,UNVERIFIED,NOT_USED,middle_50_80,4e69407535fcc615008c7073416ca7d1dd40cb2f49755641387e45bcdf4bf4a4,frozen-v1,UNVERIFIED,NOT_VERIFIED
R0093,NEW,new-04,F05,effective,user_constraint,PASS,SUPPORTED,NOT_USED,high_>=80,5d3042a30eef6d02e606384a2032be1c43ba6f4171571a5bbfb489eb212f1b5e,frozen-v1,SUPPORTED,PASS
R0094,OLD,old-11-recovery-01,F37,effective,failed_attempt,NOT_APPLICABLE,SUPPORTED,NOT_USED,high_>=80,84e71848b8903ccb8fc049d47fc5a86d394574deee277993ffb595f44c558a0c,frozen-v1,SUPPORTED,NOT_APPLICABLE
R0095,OLD,old-17-recovery-01,F06,summary,bug_root_cause,NOT_APPLICABLE,SUPPORTED,NOT_USED,middle_50_80,645df924454d327f53b04360bf8bd5863335a35c711d15d4e79aa698f4f1b961,frozen-v1,SUPPORTED,NOT_APPLICABLE
R0096,NEW,new-15-recovery-01,F43,summary,api_contract,PASS,SUPPORTED,NOT_USED,high_>=80,79a049b677707f632faa7d1ed9ed194bfb2523ee50bc7e8e993737cf68c06811,frozen-v1,SUPPORTED,PASS
R0097,OLD,old-08-recovery-01,F22,effective,identifier_class_method,NOT_VERIFIED,SUPPORTED,NOT_USED,high_>=80,d025669ce8807ee7c616a3fb8d43009e480f9d1ac40280d9be8fdde0a572c681,frozen-v1,SUPPORTED,PASS
R0098,NEW,new-15-recovery-01,F42,effective,identifier_class_method,PASS,SUPPORTED,NOT_USED,high_>=80,600326e4c0acd7001f41e46bce2e03a5a07fc4ba95f3288e0e800cbf453a9378,frozen-v1,SUPPORTED,PASS
R0099,OLD,old-05,F41,summary,filename_path,NOT_VERIFIED,UNVERIFIED,NOT_USED,high_>=80,7c5887da31f87fc7f1938757a5dfa9002c522f531baf09c7d3c1a409e243bdcd,frozen-v1,UNVERIFIED,NOT_VERIFIED
R0100,NEW,new-20-recovery-01,F20,effective,todo_current_state,PASS,SUPPORTED,NOT_USED,high_>=80,c36b5533ed1c54d5423ba05efb8ce55632fd18a5693481de0c3c2f701f7d0229,frozen-v1,SUPPORTED,PASS
R0101,NEW,new-06,F30,effective,todo_current_state,PASS,SUPPORTED,NOT_USED,high_>=80,efe260c5380b93c3a7dbcd0f08412bc52f3b4a3281cb0dd83116983200b7ef00,frozen-v1,SUPPORTED,PASS
R0102,OLD,old-03,F42,summary,identifier_class_method,NOT_VERIFIED,SUPPORTED,NOT_USED,middle_50_80,f33a49ff2bc4b9a1fac9882513c1e723ecc481506b51a26531160f47bc49b3e2,frozen-v1,SUPPORTED,PASS
R0103,NEW,new-11-recovery-01,F26,effective,bug_root_cause,NOT_APPLICABLE,SUPPORTED,NOT_USED,middle_50_80,7430547202a536cc2350f4abeffacf64925461bc1d15883818628a9783c4644a,frozen-v1,SUPPORTED,NOT_APPLICABLE
R0104,OLD,old-10-recovery-01,F23,effective,api_contract,NOT_VERIFIED,UNVERIFIED,NOT_USED,middle_50_80,3412bfe1bf98db1b01235dafb99a6653a3ba5bbc176aa0f5e342f2af200d9f21,frozen-v1,SUPPORTED,PASS
R0105,NEW,new-15-recovery-01,F31,summary,filename_path,PASS,SUPPORTED,NOT_USED,high_>=80,79a049b677707f632faa7d1ed9ed194bfb2523ee50bc7e8e993737cf68c06811,frozen-v1,SUPPORTED,PASS
R0106,NEW,new-15-recovery-01,F11,summary,filename_path,PASS,SUPPORTED,NOT_USED,high_>=80,79a049b677707f632faa7d1ed9ed194bfb2523ee50bc7e8e993737cf68c06811,frozen-v1,SUPPORTED,PASS
R0107,NEW,new-08-recovery-01,F32,effective,identifier_class_method,PASS,SUPPORTED,NOT_USED,high_>=80,df4ce5c9eb8e4de4658be57e8fface1b694ec34c9a89d4669a020fc7671c577a,frozen-v1,SUPPORTED,PASS
R0108,NEW,new-16-recovery-01,F07,summary,failed_attempt,NOT_APPLICABLE,SUPPORTED,NOT_USED,high_>=80,9808d364ce9f86c955764210d53ac1726f430c7aa4bbff03ab3cb749cf756594,frozen-v1,SUPPORTED,NOT_APPLICABLE
R0109,OLD,old-03,F22,summary,identifier_class_method,NOT_VERIFIED,SUPPORTED,NOT_USED,middle_50_80,f33a49ff2bc4b9a1fac9882513c1e723ecc481506b51a26531160f47bc49b3e2,frozen-v1,SUPPORTED,PASS
R0110,NEW,new-19-recovery-01,F42,effective,identifier_class_method,NOT_VERIFIED,SUPPORTED,NOT_USED,middle_50_80,7e3189aaa7acea52a0e697d1651ce3727be4a7746db990e10751c1c48e4ba728,frozen-v1,SUPPORTED,PASS
R0111,NEW,new-03,F39,summary,todo_current_state,NOT_APPLICABLE,SUPPORTED,NOT_USED,high_>=80,699e57c232d56bdb705f05f84324775c6ec705ada1a7c3597e330753553cbb8f,frozen-v1,SUPPORTED,NOT_APPLICABLE
R0112,OLD,old-16-recovery-01,F04,effective,numeric_parameter,PASS,SUPPORTED,NOT_USED,high_>=80,4a23c466bfd4734d2a10aad3f773885945ad2675546718ccb3379d87feac0fff,frozen-v1,SUPPORTED,PASS
R0113,OLD,old-03,F46,summary,bug_root_cause,NOT_APPLICABLE,SUPPORTED,NOT_USED,middle_50_80,f33a49ff2bc4b9a1fac9882513c1e723ecc481506b51a26531160f47bc49b3e2,frozen-v1,SUPPORTED,NOT_APPLICABLE
R0114,OLD,old-03,F47,summary,failed_attempt,NOT_APPLICABLE,UNVERIFIED,NOT_USED,middle_50_80,f33a49ff2bc4b9a1fac9882513c1e723ecc481506b51a26531160f47bc49b3e2,frozen-v1,UNVERIFIED,NOT_APPLICABLE
R0115,OLD,old-12-recovery-01,F17,effective,failed_attempt,NOT_APPLICABLE,SUPPORTED,NOT_USED,high_>=80,8ecb7acebb2cd89eada5e6481313180e4437923129365dc5c56f90fd21b975a4,frozen-v1,SUPPORTED,NOT_APPLICABLE
R0116,NEW,new-07,F17,effective,failed_attempt,NOT_APPLICABLE,UNVERIFIED,NOT_USED,middle_50_80,70effd422e2490cda320c8f21858c55a94c5f7203c2863bc61c1303029670fb7,frozen-v1,UNVERIFIED,NOT_APPLICABLE
R0117,NEW,new-11-recovery-01,F37,summary,failed_attempt,NOT_APPLICABLE,SUPPORTED,NOT_USED,middle_50_80,4e69407535fcc615008c7073416ca7d1dd40cb2f49755641387e45bcdf4bf4a4,frozen-v1,SUPPORTED,NOT_APPLICABLE
R0118,OLD,old-03,F43,effective,api_contract,NOT_VERIFIED,UNVERIFIED,NOT_USED,middle_50_80,8e2c27e980990c4f02027667e8f6a9f760d7a4b7b90a6c4fec95078cdad98236,frozen-v1,SUPPORTED,PASS
R0119,NEW,new-10-recovery-01,F12,summary,identifier_class_method,PASS,SUPPORTED,NOT_USED,high_>=80,5197301a83f7ed443c3ff07483ea9cd7fda67a67f7540f729acd553821549ec2,frozen-v1,SUPPORTED,PASS
R0120,NEW,new-19-recovery-01,F46,effective,bug_root_cause,NOT_APPLICABLE,SUPPORTED,NOT_USED,middle_50_80,7e3189aaa7acea52a0e697d1651ce3727be4a7746db990e10751c1c48e4ba728,frozen-v1,SUPPORTED,NOT_APPLICABLE
R0121,OLD,old-03,F04,summary,numeric_parameter,PASS,SUPPORTED,NOT_USED,middle_50_80,f33a49ff2bc4b9a1fac9882513c1e723ecc481506b51a26531160f47bc49b3e2,frozen-v1,SUPPORTED,PASS
R0122,NEW,new-05,F21,effective,filename_path,NOT_VERIFIED,UNVERIFIED,NOT_USED,middle_50_80,0febcc897fbd3e31da84953268ca459ce9acec1ecd6bf9f3c8569f90d9b830ff,frozen-v1,UNVERIFIED,NOT_VERIFIED
R0123,NEW,new-07,F30,effective,todo_current_state,PASS,SUPPORTED,NOT_USED,middle_50_80,70effd422e2490cda320c8f21858c55a94c5f7203c2863bc61c1303029670fb7,frozen-v1,SUPPORTED,PASS
R0124,OLD,old-07,F24,summary,numeric_parameter,PASS,SUPPORTED,NOT_USED,high_>=80,94f2308d70f80f6bf00318afc3fb3cb22ee03f51535ac5b5000e3c769e574b97,frozen-v1,SUPPORTED,PASS
R0125,NEW,new-07,F24,summary,numeric_parameter,PASS,SUPPORTED,NOT_USED,middle_50_80,c63469974ebed8c53bee8ce8e86f0b15b3fd0d7d6d5cd9885fb4fb6e004aa0ff,frozen-v1,SUPPORTED,PASS
R0126,NEW,new-12-recovery-01,F46,summary,bug_root_cause,NOT_APPLICABLE,SUPPORTED,NOT_USED,high_>=80,379b4423aa39ec55aaad41c098d299298ceb6dd679a59f8d82b41d2681c9cc90,frozen-v1,SUPPORTED,NOT_APPLICABLE
R0127,NEW,new-05,F14,summary,numeric_parameter,NOT_VERIFIED,UNVERIFIED,NOT_USED,middle_50_80,6f6b82db41e1bea63c8654ae64de89cef51008e96b13b56f6670568cdb193b23,frozen-v1,UNVERIFIED,NOT_VERIFIED
R0128,OLD,old-17-recovery-01,F31,effective,filename_path,NOT_VERIFIED,SUPPORTED,NOT_USED,middle_50_80,3bc067707644733b8610f7b4290fb1d3a2ff6dc3d6e82fda95dcc35568c4aa91,frozen-v1,SUPPORTED,PASS
R0129,OLD,old-20-recovery-01,F07,effective,failed_attempt,NOT_APPLICABLE,SUPPORTED,NOT_USED,high_>=80,db41a4d5a05dc08fe17bfbfb7e611cca939a745f6141df036bf0d4a33660ba3a,frozen-v1,SUPPORTED,NOT_APPLICABLE
R0130,NEW,new-05,F03,summary,api_contract,PASS,SUPPORTED,NOT_USED,middle_50_80,6f6b82db41e1bea63c8654ae64de89cef51008e96b13b56f6670568cdb193b23,frozen-v1,SUPPORTED,PASS
R0131,NEW,new-11-recovery-01,F45,effective,user_constraint,PASS,SUPPORTED,NOT_USED,middle_50_80,7430547202a536cc2350f4abeffacf64925461bc1d15883818628a9783c4644a,frozen-v1,SUPPORTED,PASS
R0132,OLD,old-16-recovery-01,F13,effective,api_contract,PASS,SUPPORTED,NOT_USED,high_>=80,4a23c466bfd4734d2a10aad3f773885945ad2675546718ccb3379d87feac0fff,frozen-v1,SUPPORTED,PASS
R0133,NEW,new-13-recovery-01,F07,effective,failed_attempt,NOT_APPLICABLE,SUPPORTED,NOT_USED,high_>=80,35b04122f067f865066043b9e72d59417230dc045b9dac74e2c1ab7fb55839a0,frozen-v1,SUPPORTED,NOT_APPLICABLE
R0134,OLD,old-01,F16,summary,bug_root_cause,NOT_APPLICABLE,SUPPORTED,NOT_USED,high_>=80,8057db7f9d65c9415094fa8fe6a0689c4e18d464594ee2e7ee622427ca503899,frozen-v1,SUPPORTED,NOT_APPLICABLE
R0135,NEW,new-16-recovery-01,F02,summary,identifier_class_method,NOT_VERIFIED,SUPPORTED,NOT_USED,high_>=80,9808d364ce9f86c955764210d53ac1726f430c7aa4bbff03ab3cb749cf756594,frozen-v1,SUPPORTED,PASS
R0136,NEW,new-07,F26,summary,bug_root_cause,NOT_APPLICABLE,UNVERIFIED,NOT_USED,middle_50_80,c63469974ebed8c53bee8ce8e86f0b15b3fd0d7d6d5cd9885fb4fb6e004aa0ff,frozen-v1,UNVERIFIED,NOT_APPLICABLE
R0137,NEW,new-07,F04,summary,numeric_parameter,PASS,SUPPORTED,NOT_USED,middle_50_80,c63469974ebed8c53bee8ce8e86f0b15b3fd0d7d6d5cd9885fb4fb6e004aa0ff,frozen-v1,SUPPORTED,PASS
R0138,NEW,new-01,F37,summary,failed_attempt,NOT_APPLICABLE,SUPPORTED,NOT_USED,high_>=80,576a6f4cc077183aa84429791867459a66925b820e48c69588984e9449aad661,frozen-v1,SUPPORTED,NOT_APPLICABLE
R0139,OLD,old-17-recovery-01,F23,summary,api_contract,NOT_VERIFIED,UNVERIFIED,NOT_USED,middle_50_80,645df924454d327f53b04360bf8bd5863335a35c711d15d4e79aa698f4f1b961,frozen-v1,SUPPORTED,PASS
R0140,OLD,old-19-recovery-01,F30,summary,todo_current_state,NOT_VERIFIED,SUPPORTED,NOT_USED,high_>=80,3abe18c40352bc8d106a2d63a33ef34cfccf3facf618a914179e4d7c5171fb65,frozen-v1,SUPPORTED,PASS
R0141,OLD,old-19-recovery-01,F25,summary,user_constraint,PASS,SUPPORTED,NOT_USED,high_>=80,3abe18c40352bc8d106a2d63a33ef34cfccf3facf618a914179e4d7c5171fb65,frozen-v1,SUPPORTED,PASS
R0142,OLD,old-17-recovery-01,F42,effective,identifier_class_method,NOT_VERIFIED,SUPPORTED,NOT_USED,middle_50_80,3bc067707644733b8610f7b4290fb1d3a2ff6dc3d6e82fda95dcc35568c4aa91,frozen-v1,SUPPORTED,PASS
R0143,NEW,new-19-recovery-01,F43,effective,api_contract,NOT_VERIFIED,UNVERIFIED,NOT_USED,middle_50_80,7e3189aaa7acea52a0e697d1651ce3727be4a7746db990e10751c1c48e4ba728,frozen-v1,SUPPORTED,PASS
R0144,NEW,new-02,F48,summary,user_constraint,NOT_APPLICABLE,SUPPORTED,NOT_USED,high_>=80,7c85a499728bb5850c1a02086d05ddd0041f7df7b0c8573d28e591a0883f8b24,frozen-v1,SUPPORTED,NOT_APPLICABLE
R0145,NEW,new-12-recovery-01,F24,summary,numeric_parameter,PASS,SUPPORTED,NOT_USED,high_>=80,379b4423aa39ec55aaad41c098d299298ceb6dd679a59f8d82b41d2681c9cc90,frozen-v1,SUPPORTED,PASS
R0146,OLD,old-14-recovery-01,F43,summary,api_contract,NOT_VERIFIED,UNVERIFIED,NOT_USED,high_>=80,782884dc791b489da8a001ed3e0d5113c063f7081c875fa9eb93d0bd0eaee85e,frozen-v1,SUPPORTED,PASS
R0147,OLD,old-10-recovery-01,F40,summary,todo_current_state,NOT_VERIFIED,UNVERIFIED,NOT_USED,middle_50_80,3a7636f9bff61af48306499fab28c84c4f5e3246b44666418a17be7a6c29f0a7,frozen-v1,UNVERIFIED,NOT_VERIFIED
R0148,NEW,new-05,F41,effective,filename_path,PASS,SUPPORTED,NOT_USED,middle_50_80,0febcc897fbd3e31da84953268ca459ce9acec1ecd6bf9f3c8569f90d9b830ff,frozen-v1,SUPPORTED,PASS
R0149,OLD,old-10-recovery-01,F41,summary,filename_path,NOT_VERIFIED,UNVERIFIED,NOT_USED,middle_50_80,3a7636f9bff61af48306499fab28c84c4f5e3246b44666418a17be7a6c29f0a7,frozen-v1,UNVERIFIED,NOT_VERIFIED
R0150,NEW,new-19-recovery-01,F29,effective,todo_current_state,NOT_APPLICABLE,UNVERIFIED,NOT_USED,middle_50_80,7e3189aaa7acea52a0e697d1651ce3727be4a7746db990e10751c1c48e4ba728,frozen-v1,UNVERIFIED,NOT_APPLICABLE
R0151,NEW,new-03,F03,effective,api_contract,NOT_VERIFIED,SUPPORTED,NOT_USED,high_>=80,41e26ad746fa7d2cebffb765b9010289a8f8855b506eac53536fe5ee8ccdada4,frozen-v1,SUPPORTED,PASS
R0152,OLD,old-09-recovery-01,F26,summary,bug_root_cause,NOT_APPLICABLE,SUPPORTED,NOT_USED,high_>=80,2b598591ab36eec89914d1f5f671f663d86351078174cf553c15ce08ecb8c240,frozen-v1,SUPPORTED,NOT_APPLICABLE
R0153,OLD,old-11-recovery-01,F05,effective,user_constraint,PASS,SUPPORTED,NOT_USED,high_>=80,84e71848b8903ccb8fc049d47fc5a86d394574deee277993ffb595f44c558a0c,frozen-v1,SUPPORTED,PASS
R0154,NEW,new-01,F13,summary,api_contract,PASS,SUPPORTED,NOT_USED,high_>=80,576a6f4cc077183aa84429791867459a66925b820e48c69588984e9449aad661,frozen-v1,SUPPORTED,PASS
R0155,OLD,old-15-recovery-01,F42,summary,identifier_class_method,PASS,SUPPORTED,NOT_USED,high_>=80,e2dff89308c449882226eeb9f44af88cf7bb665b82df64af69f0951bdc30355a,frozen-v1,SUPPORTED,PASS
R0156,OLD,old-03,F47,effective,failed_attempt,NOT_APPLICABLE,SUPPORTED,NOT_USED,middle_50_80,8e2c27e980990c4f02027667e8f6a9f760d7a4b7b90a6c4fec95078cdad98236,frozen-v1,SUPPORTED,NOT_APPLICABLE
R0157,NEW,new-11-recovery-01,F10,summary,todo_current_state,NOT_VERIFIED,UNVERIFIED,NOT_USED,middle_50_80,4e69407535fcc615008c7073416ca7d1dd40cb2f49755641387e45bcdf4bf4a4,frozen-v1,UNVERIFIED,NOT_VERIFIED
R0158,OLD,old-08-recovery-01,F48,summary,user_constraint,NOT_APPLICABLE,SUPPORTED,NOT_USED,high_>=80,059ca567aaa0795867f7c3e39b7e8c934afe2226ed62c494eff9b238bb870a78,frozen-v1,SUPPORTED,NOT_APPLICABLE
R0159,NEW,new-20-recovery-01,F37,summary,failed_attempt,NOT_APPLICABLE,SUPPORTED,NOT_USED,high_>=80,210befa6c0bde61598b73e64663b24d423e415f62fbf2c0e446b6f54ac1ee77f,frozen-v1,SUPPORTED,NOT_APPLICABLE
R0160,OLD,old-17-recovery-01,F43,effective,api_contract,NOT_VERIFIED,UNVERIFIED,NOT_USED,middle_50_80,3bc067707644733b8610f7b4290fb1d3a2ff6dc3d6e82fda95dcc35568c4aa91,frozen-v1,SUPPORTED,PASS
