case,round,automatic_result,reviewer_1,reviewed_at_1,decision_1,reviewer_2,reviewed_at_2,decision_2,critical_assertions,factual_issues,citation_issues,evidence_path,notes
B01,1,AUTO_PASS_REVIEW_REQUIRED,,,PENDING,,,PENDING,,,,muse-bench/cases/B01/round-01,
B02,1,AUTO_PASS_REVIEW_REQUIRED,,,PENDING,,,PENDING,,,,muse-bench/cases/B02/round-01,
B03,1,AUTO_PASS_REVIEW_REQUIRED,,,PENDING,,,PENDING,,,,muse-bench/cases/B03/round-01,
B04,1,AUTO_PASS_REVIEW_REQUIRED,,,PENDING,,,PENDING,,,,muse-bench/cases/B04/round-01,
C01,1,AUTO_PASS_REVIEW_REQUIRED,,,PENDING,,,PENDING,,,,muse-bench/cases/C01/round-01,
C02,1,AUTO_PASS_REVIEW_REQUIRED,,,PENDING,,,PENDING,,,,muse-bench/cases/C02/round-01,
C03,1,AUTO_PASS_REVIEW_REQUIRED,,,PENDING,,,PENDING,,,,muse-bench/cases/C03/round-01,
C04,1,AUTO_PASS_REVIEW_REQUIRED,,,PENDING,,,PENDING,,,,muse-bench/cases/C04/round-01,
D01,1,AUTO_PASS_REVIEW_REQUIRED,,,PENDING,,,PENDING,,,,muse-bench/cases/D01/round-01,
D02,1,AUTO_PASS_REVIEW_REQUIRED,,,PENDING,,,PENDING,,,,muse-bench/cases/D02/round-01,
D03,1,AUTO_PASS_REVIEW_REQUIRED,,,PENDING,,,PENDING,,,,muse-bench/cases/D03/round-01,
D04,1,AUTO_PASS_REVIEW_REQUIRED,,,PENDING,,,PENDING,,,,muse-bench/cases/D04/round-01,
P01,1,BLOCKED,,,PENDING,,,PENDING,,,,muse-bench/cases/P01/round-01,
P02,1,AUTO_PASS_REVIEW_REQUIRED,,,PENDING,,,PENDING,,,,muse-bench/cases/P02/round-01,
P03,1,AUTO_PASS_REVIEW_REQUIRED,,,PENDING,,,PENDING,,,,muse-bench/cases/P03/round-01,
P04,1,AUTO_PASS_REVIEW_REQUIRED,,,PENDING,,,PENDING,,,,muse-bench/cases/P04/round-01,
R01,1,AUTO_PASS_REVIEW_REQUIRED,,,PENDING,,,PENDING,,,,muse-bench/cases/R01/round-01,
R02,1,AUTO_PASS_REVIEW_REQUIRED,,,PENDING,,,PENDING,,,,muse-bench/cases/R02/round-01,
R03,1,AUTO_PASS_REVIEW_REQUIRED,,,PENDING,,,PENDING,,,,muse-bench/cases/R03/round-01,
R04,1,AUTO_PASS_REVIEW_REQUIRED,,,PENDING,,,PENDING,,,,muse-bench/cases/R04/round-01,
B01,2,AUTO_PASS_REVIEW_REQUIRED,,,PENDING,,,PENDING,,,,muse-bench/cases/B01/round-02,
B02,2,AUTO_PASS_REVIEW_REQUIRED,,,PENDING,,,PENDING,,,,muse-bench/cases/B02/round-02,
B03,2,AUTO_PASS_REVIEW_REQUIRED,,,PENDING,,,PENDING,,,,muse-bench/cases/B03/round-02,
B04,2,AUTO_PASS_REVIEW_REQUIRED,,,PENDING,,,PENDING,,,,muse-bench/cases/B04/round-02,
C01,2,AUTO_PASS_REVIEW_REQUIRED,,,PENDING,,,PENDING,,,,muse-bench/cases/C01/round-02,
C02,2,AUTO_PASS_REVIEW_REQUIRED,,,PENDING,,,PENDING,,,,muse-bench/cases/C02/round-02,
C03,2,AUTO_PASS_REVIEW_REQUIRED,,,PENDING,,,PENDING,,,,muse-bench/cases/C03/round-02,
C04,2,AUTO_PASS_REVIEW_REQUIRED,,,PENDING,,,PENDING,,,,muse-bench/cases/C04/round-02,
D01,2,AUTO_PASS_REVIEW_REQUIRED,,,PENDING,,,PENDING,,,,muse-bench/cases/D01/round-02,
D02,2,AUTO_PASS_REVIEW_REQUIRED,,,PENDING,,,PENDING,,,,muse-bench/cases/D02/round-02,
D03,2,AUTO_PASS_REVIEW_REQUIRED,,,PENDING,,,PENDING,,,,muse-bench/cases/D03/round-02,
D04,2,AUTO_PASS_REVIEW_REQUIRED,,,PENDING,,,PENDING,,,,muse-bench/cases/D04/round-02,
P01,2,BLOCKED,,,PENDING,,,PENDING,,,,muse-bench/cases/P01/round-02,
P02,2,AUTO_PASS_REVIEW_REQUIRED,,,PENDING,,,PENDING,,,,muse-bench/cases/P02/round-02,
P03,2,AUTO_PASS_REVIEW_REQUIRED,,,PENDING,,,PENDING,,,,muse-bench/cases/P03/round-02,
P04,2,AUTO_PASS_REVIEW_REQUIRED,,,PENDING,,,PENDING,,,,muse-bench/cases/P04/round-02,
R01,2,AUTO_PASS_REVIEW_REQUIRED,,,PENDING,,,PENDING,,,,muse-bench/cases/R01/round-02,
R02,2,AUTO_PASS_REVIEW_REQUIRED,,,PENDING,,,PENDING,,,,muse-bench/cases/R02/round-02,
R03,2,AUTO_PASS_REVIEW_REQUIRED,,,PENDING,,,PENDING,,,,muse-bench/cases/R03/round-02,
R04,2,AUTO_PASS_REVIEW_REQUIRED,,,PENDING,,,PENDING,,,,muse-bench/cases/R04/round-02,
B01,3,AUTO_PASS_REVIEW_REQUIRED,,,PENDING,,,PENDING,,,,muse-bench/cases/B01/round-03,
B02,3,AUTO_PASS_REVIEW_REQUIRED,,,PENDING,,,PENDING,,,,muse-bench/cases/B02/round-03,
B03,3,AUTO_PASS_REVIEW_REQUIRED,,,PENDING,,,PENDING,,,,muse-bench/cases/B03/round-03,
B04,3,AUTO_PASS_REVIEW_REQUIRED,,,PENDING,,,PENDING,,,,muse-bench/cases/B04/round-03,
C01,3,AUTO_PASS_REVIEW_REQUIRED,,,PENDING,,,PENDING,,,,muse-bench/cases/C01/round-03,
C02,3,AUTO_PASS_REVIEW_REQUIRED,,,PENDING,,,PENDING,,,,muse-bench/cases/C02/round-03,
C03,3,AUTO_PASS_REVIEW_REQUIRED,,,PENDING,,,PENDING,,,,muse-bench/cases/C03/round-03,
C04,3,AUTO_PASS_REVIEW_REQUIRED,,,PENDING,,,PENDING,,,,muse-bench/cases/C04/round-03,
D01,3,AUTO_PASS_REVIEW_REQUIRED,,,PENDING,,,PENDING,,,,muse-bench/cases/D01/round-03,
D02,3,AUTO_PASS_REVIEW_REQUIRED,,,PENDING,,,PENDING,,,,muse-bench/cases/D02/round-03,
D03,3,AUTO_PASS_REVIEW_REQUIRED,,,PENDING,,,PENDING,,,,muse-bench/cases/D03/round-03,
D04,3,AUTO_PASS_REVIEW_REQUIRED,,,PENDING,,,PENDING,,,,muse-bench/cases/D04/round-03,
P01,3,BLOCKED,,,PENDING,,,PENDING,,,,muse-bench/cases/P01/round-03,
P02,3,AUTO_PASS_REVIEW_REQUIRED,,,PENDING,,,PENDING,,,,muse-bench/cases/P02/round-03,
P03,3,AUTO_PASS_REVIEW_REQUIRED,,,PENDING,,,PENDING,,,,muse-bench/cases/P03/round-03,
P04,3,AUTO_PASS_REVIEW_REQUIRED,,,PENDING,,,PENDING,,,,muse-bench/cases/P04/round-03,
R01,3,AUTO_PASS_REVIEW_REQUIRED,,,PENDING,,,PENDING,,,,muse-bench/cases/R01/round-03,
R02,3,AUTO_PASS_REVIEW_REQUIRED,,,PENDING,,,PENDING,,,,muse-bench/cases/R02/round-03,
R03,3,AUTO_PASS_REVIEW_REQUIRED,,,PENDING,,,PENDING,,,,muse-bench/cases/R03/round-03,
R04,3,AUTO_PASS_REVIEW_REQUIRED,,,PENDING,,,PENDING,,,,muse-bench/cases/R04/round-03,
