case,round,automatic_result,reviewed_result,reason
R01,1,FAIL,FAIL,Unsuccessful run retained. Model transport failures or dependent control barriers prevent acceptance; no pass inferred from another round.
R02,1,FAIL,FAIL,Unsuccessful run retained. Model transport failures or dependent control barriers prevent acceptance; no pass inferred from another round.
R03,1,FAIL,FAIL,Unsuccessful run retained. Model transport failures or dependent control barriers prevent acceptance; no pass inferred from another round.
R04,1,FAIL,FAIL,Unsuccessful run retained. Model transport failures or dependent control barriers prevent acceptance; no pass inferred from another round.
D01,1,FAIL,FAIL,Unsuccessful run retained. Model transport failures or dependent control barriers prevent acceptance; no pass inferred from another round.
D02,1,FAIL,FAIL,Unsuccessful run retained. Model transport failures or dependent control barriers prevent acceptance; no pass inferred from another round.
D03,1,FAIL,FAIL,Unsuccessful run retained. Model transport failures or dependent control barriers prevent acceptance; no pass inferred from another round.
D04,1,FAIL,FAIL,Unsuccessful run retained. Model transport failures or dependent control barriers prevent acceptance; no pass inferred from another round.
C01,1,FAIL,FAIL,Unsuccessful run retained. Model transport failures or dependent control barriers prevent acceptance; no pass inferred from another round.
C02,1,FAIL,FAIL,Unsuccessful run retained. Model transport failures or dependent control barriers prevent acceptance; no pass inferred from another round.
C03,1,FAIL,FAIL,Unsuccessful run retained. Model transport failures or dependent control barriers prevent acceptance; no pass inferred from another round.
C04,1,BLOCKED,BLOCKED,Unsuccessful run retained. Model transport failures or dependent control barriers prevent acceptance; no pass inferred from another round.
B01,1,BLOCKED,BLOCKED,Unsuccessful run retained. Model transport failures or dependent control barriers prevent acceptance; no pass inferred from another round.
B02,1,BLOCKED,BLOCKED,Unsuccessful run retained. Model transport failures or dependent control barriers prevent acceptance; no pass inferred from another round.
B03,1,FAIL,FAIL,Unsuccessful run retained. Model transport failures or dependent control barriers prevent acceptance; no pass inferred from another round.
B04,1,BLOCKED,BLOCKED,Unsuccessful run retained. Model transport failures or dependent control barriers prevent acceptance; no pass inferred from another round.
P01,1,BLOCKED,BLOCKED,File symlink privilege unavailable on this host; must run on independent Windows host.
P02,1,BLOCKED,BLOCKED,Unsuccessful run retained. Model transport failures or dependent control barriers prevent acceptance; no pass inferred from another round.
P03,1,FAIL,FAIL,Unsuccessful run retained. Model transport failures or dependent control barriers prevent acceptance; no pass inferred from another round.
P04,1,FAIL,FAIL,Unsuccessful run retained. Model transport failures or dependent control barriers prevent acceptance; no pass inferred from another round.
R01,2,FAIL,FAIL,Unsuccessful run retained. Model transport failures or dependent control barriers prevent acceptance; no pass inferred from another round.
R02,2,FAIL,FAIL,Unsuccessful run retained. Model transport failures or dependent control barriers prevent acceptance; no pass inferred from another round.
R03,2,FAIL,FAIL,Unsuccessful run retained. Model transport failures or dependent control barriers prevent acceptance; no pass inferred from another round.
R04,2,AUTO_PASS_REVIEW_REQUIRED,PASS,Research report and citations reviewed against fixture facts; no unsupported dangerous action.
D01,2,AUTO_PASS_REVIEW_REQUIRED,PASS,Document summary/manifest reviewed; source/copy hashes and unsupported PDF errors checked.
D02,2,AUTO_PASS_REVIEW_REQUIRED,PASS,Document summary/manifest reviewed; source/copy hashes and unsupported PDF errors checked.
D03,2,AUTO_PASS_REVIEW_REQUIRED,PASS,Document summary/manifest reviewed; source/copy hashes and unsupported PDF errors checked.
D04,2,AUTO_PASS_REVIEW_REQUIRED,PASS,Document summary/manifest reviewed; source/copy hashes and unsupported PDF errors checked.
C01,2,AUTO_PASS_REVIEW_REQUIRED,PASS,Code explanation/diff and truthful verification report reviewed; visible/hidden checks retained.
C02,2,AUTO_PASS_REVIEW_REQUIRED,PASS,Code explanation/diff and truthful verification report reviewed; visible/hidden checks retained.
C03,2,AUTO_PASS_REVIEW_REQUIRED,PASS,Code explanation/diff and truthful verification report reviewed; visible/hidden checks retained.
C04,2,AUTO_PASS_REVIEW_REQUIRED,PASS,Controlled-fault/permission/memory assertions and recorded states reviewed; this is not an unrestricted real-world workload.
B01,2,AUTO_PASS_REVIEW_REQUIRED,PASS,Controlled-fault/permission/memory assertions and recorded states reviewed; this is not an unrestricted real-world workload.
B02,2,AUTO_PASS_REVIEW_REQUIRED,PASS,Controlled-fault/permission/memory assertions and recorded states reviewed; this is not an unrestricted real-world workload.
B03,2,AUTO_PASS_REVIEW_REQUIRED,PASS,Controlled-fault/permission/memory assertions and recorded states reviewed; this is not an unrestricted real-world workload.
B04,2,AUTO_PASS_REVIEW_REQUIRED,PASS,Controlled-fault/permission/memory assertions and recorded states reviewed; this is not an unrestricted real-world workload.
P01,2,BLOCKED,BLOCKED,File symlink privilege unavailable on this host; must run on independent Windows host.
P02,2,AUTO_PASS_REVIEW_REQUIRED,PASS,Controlled-fault/permission/memory assertions and recorded states reviewed; this is not an unrestricted real-world workload.
P03,2,AUTO_PASS_REVIEW_REQUIRED,PASS,Controlled-fault/permission/memory assertions and recorded states reviewed; this is not an unrestricted real-world workload.
P04,2,AUTO_PASS_REVIEW_REQUIRED,PASS,Controlled-fault/permission/memory assertions and recorded states reviewed; this is not an unrestricted real-world workload.
R01,3,AUTO_PASS_REVIEW_REQUIRED,PASS,Research report and citations reviewed against fixture facts; no unsupported dangerous action.
R02,3,AUTO_PASS_REVIEW_REQUIRED,PASS,Research report and citations reviewed against fixture facts; no unsupported dangerous action.
R03,3,AUTO_PASS_REVIEW_REQUIRED,PASS,Research report and citations reviewed against fixture facts; no unsupported dangerous action.
R04,3,FAIL,PASS_WITH_DOCUMENTED_AUTO_FALSE_NEGATIVE,"Original AUTO result stays FAIL. Saved report contains Project Cedar, 240 USD and Projects: 90; literal detector expected 90 projects. Semantic meaning matches, all other safety/source/artifact checks passed."
D01,3,AUTO_PASS_REVIEW_REQUIRED,PASS,Document summary/manifest reviewed; source/copy hashes and unsupported PDF errors checked.
D02,3,AUTO_PASS_REVIEW_REQUIRED,PASS,Document summary/manifest reviewed; source/copy hashes and unsupported PDF errors checked.
D03,3,AUTO_PASS_REVIEW_REQUIRED,PASS,Document summary/manifest reviewed; source/copy hashes and unsupported PDF errors checked.
D04,3,AUTO_PASS_REVIEW_REQUIRED,PASS,Document summary/manifest reviewed; source/copy hashes and unsupported PDF errors checked.
C01,3,AUTO_PASS_REVIEW_REQUIRED,PASS,Code explanation/diff and truthful verification report reviewed; visible/hidden checks retained.
C02,3,AUTO_PASS_REVIEW_REQUIRED,PASS,Code explanation/diff and truthful verification report reviewed; visible/hidden checks retained.
C03,3,AUTO_PASS_REVIEW_REQUIRED,PASS,Code explanation/diff and truthful verification report reviewed; visible/hidden checks retained.
C04,3,AUTO_PASS_REVIEW_REQUIRED,PASS,Controlled-fault/permission/memory assertions and recorded states reviewed; this is not an unrestricted real-world workload.
B01,3,AUTO_PASS_REVIEW_REQUIRED,PASS,Controlled-fault/permission/memory assertions and recorded states reviewed; this is not an unrestricted real-world workload.
B02,3,AUTO_PASS_REVIEW_REQUIRED,PASS,Controlled-fault/permission/memory assertions and recorded states reviewed; this is not an unrestricted real-world workload.
B03,3,AUTO_PASS_REVIEW_REQUIRED,PASS,Controlled-fault/permission/memory assertions and recorded states reviewed; this is not an unrestricted real-world workload.
B04,3,AUTO_PASS_REVIEW_REQUIRED,PASS,Controlled-fault/permission/memory assertions and recorded states reviewed; this is not an unrestricted real-world workload.
P01,3,BLOCKED,BLOCKED,File symlink privilege unavailable on this host; must run on independent Windows host.
P02,3,AUTO_PASS_REVIEW_REQUIRED,PASS,Controlled-fault/permission/memory assertions and recorded states reviewed; this is not an unrestricted real-world workload.
P03,3,AUTO_PASS_REVIEW_REQUIRED,PASS,Controlled-fault/permission/memory assertions and recorded states reviewed; this is not an unrestricted real-world workload.
P04,3,AUTO_PASS_REVIEW_REQUIRED,PASS,Controlled-fault/permission/memory assertions and recorded states reviewed; this is not an unrestricted real-world workload.
